time,0
0.0,-0.024684468
0.00045351473922902497,-0.060428992
0.0009070294784580499,-0.07008006
0.0013605442176870747,-0.084212095
0.0018140589569160999,-0.08511083
0.0022675736961451248,-0.07848527
0.0027210884353741495,-0.059434697
0.0031746031746031746,-0.037478667
0.0036281179138321997,-0.018771116
0.004081632653061225,-0.010868973
0.0045351473922902496,-0.016086526
0.004988662131519274,-0.03180798
0.005442176870748299,-0.05085658
0.0058956916099773245,-0.062390532
0.006349206349206349,-0.06002492
0.006802721088435374,-0.04153034
0.0072562358276643995,-0.01135513
0.007709750566893424,0.02056671
0.00816326530612245,0.04139154
0.008616780045351474,0.04573288
0.009070294784580499,0.030313332
0.009523809523809525,0.0009786296
0.009977324263038548,-0.03349566
0.010430839002267574,-0.060455948
0.010884353741496598,-0.070260026
0.011337868480725623,-0.057435114
0.011791383219954649,-0.025834342
0.012244897959183673,0.013586554
0.012698412698412698,0.047002077
0.013151927437641724,0.064794615
0.013605442176870748,0.06253753
0.014058956916099773,0.043294236
0.014512471655328799,0.016402284
0.014965986394557823,-0.008683076
0.015419501133786848,-0.02220044
0.015873015873015872,-0.01901418
0.0163265306122449,-0.0009978605
0.016780045351473923,0.024458261
0.017233560090702947,0.04740081
0.017687074829931974,0.059678916
0.018140589569160998,0.05802796
0.018594104308390022,0.044629578
0.01904761904761905,0.025687784
0.019501133786848073,0.00843365
0.019954648526077097,0.0006667523
0.02040816326530612,0.00379371
0.020861678004535148,0.015396384
0.021315192743764172,0.03087756
0.021768707482993196,0.044830114
0.022222222222222223,0.052820902
0.022675736961451247,0.053119335
0.02312925170068027,0.04723318
0.023582766439909298,0.03875601
0.024036281179138322,0.033831246
0.024489795918367346,0.036184356
0.024943310657596373,0.044682704
0.025396825396825397,0.053067937
0.02585034013605442,0.057842195
0.026303854875283448,0.05767431
0.026757369614512472,0.049020376
0.027210884353741496,0.03422345
0.027664399092970523,0.020509277
0.028117913832199547,0.012781359
0.02857142857142857,0.0135007035
0.029024943310657598,0.023185134
0.02947845804988662,0.04001109
0.029931972789115645,0.057358846
0.030385487528344673,0.06794419
0.030839002267573697,0.06772567
0.031292517006802724,0.05785612
0.031746031746031744,0.04257034
0.03219954648526077,0.0273556
0.0326530612244898,0.017501647
0.03310657596371882,0.016784666
0.033560090702947847,0.024793718
0.034013605442176874,0.03540591
0.034467120181405894,0.044171553
0.03492063492063492,0.047613572
0.03537414965986395,0.042651683
0.03582766439909297,0.02936923
0.036281179138321996,0.012974315
0.036734693877551024,-0.00053170475
0.037188208616780044,-0.0070977528
0.03764172335600907,-0.004956603
0.0380952380952381,0.004462279
0.03854875283446712,0.016493555
0.039002267573696146,0.02561686
0.03945578231292517,0.027368266
0.039909297052154194,0.020313121
0.04036281179138322,0.0067447326
0.04081632653061224,-0.009938105
0.04126984126984127,-0.023239186
0.041723356009070296,-0.028521577
0.04217687074829932,-0.025199346
0.042630385487528344,-0.01462402
0.04308390022675737,-0.00057198125
0.04353741496598639,0.00986893
0.04399092970521542,0.012043973
0.044444444444444446,0.0046994947
0.044897959183673466,-0.012543117
0.045351473922902494,-0.035234574
0.04580498866213152,-0.056653753
0.04625850340136054,-0.07268557
0.04671201814058957,-0.07896473
0.047165532879818596,-0.07469288
0.047619047619047616,-0.06379127
0.048072562358276644,-0.04934061
0.04852607709750567,-0.036287773
0.04897959183673469,-0.02584062
0.04943310657596372,-0.019870702
0.049886621315192746,-0.018883295
0.050340136054421766,-0.021188233
0.050793650793650794,-0.026495801
0.05124716553287982,-0.031977702
0.05170068027210884,-0.035863094
0.05215419501133787,-0.038945522
0.052607709750566896,-0.04338952
0.053061224489795916,-0.046110284
0.053514739229024944,-0.04583911
0.05396825396825397,-0.042169772
0.05442176870748299,-0.033758916
0.05487528344671202,-0.020569138
0.055328798185941046,-0.00668789
0.055782312925170066,0.0023223108
0.05623582766439909,0.004025844
0.05668934240362812,-0.0057283593
0.05714285714285714,-0.022169888
0.05759637188208617,-0.03876085
0.058049886621315196,-0.051663652
0.058503401360544216,-0.05508954
0.05895691609977324,-0.047592632
0.05941043083900227,-0.030337324
0.05986394557823129,-0.0068010357
0.06031746031746032,0.016188022
0.060770975056689346,0.031445835
0.061224489795918366,0.03407227
0.06167800453514739,0.02517528
0.06213151927437642,0.008545993
0.06258503401360545,-0.011185873
0.06303854875283446,-0.027710598
0.06349206349206349,-0.036730614
0.06394557823129252,-0.034777522
0.06439909297052154,-0.023368185
0.06485260770975057,-0.0054436936
0.0653061224489796,0.015654456
0.06575963718820861,0.035024054
0.06621315192743764,0.050086495
0.06666666666666667,0.05777228
0.06712018140589569,0.05774253
0.06757369614512472,0.05223746
0.06802721088435375,0.04404455
0.06848072562358276,0.03461412
0.06893424036281179,0.026222384
0.06938775510204082,0.020615593
0.06984126984126984,0.01724052
0.07029478458049887,0.017409634
0.0707482993197279,0.02214638
0.07120181405895691,0.029724937
0.07165532879818594,0.039176553
0.07210884353741497,0.04843747
0.07256235827664399,0.05421199
0.07301587301587302,0.05476596
0.07346938775510205,0.04954364
0.07392290249433106,0.04058322
0.07437641723356009,0.029811818
0.07482993197278912,0.0217617
0.07528344671201814,0.019671833
0.07573696145124717,0.023934884
0.0761904761904762,0.033468515
0.07664399092970521,0.043756362
0.07709750566893424,0.048931833
0.07755102040816327,0.04449571
0.07800453514739229,0.03175067
0.07845804988662132,0.015118936
0.07891156462585033,-0.0003315141
0.07936507936507936,-0.010055319
0.07981859410430839,-0.0130920485
0.08027210884353742,-0.009025157
0.08072562358276644,-2.3178674e-05
0.08117913832199547,0.009538398
0.08163265306122448,0.015064385
0.08208616780045351,0.013974408
0.08253968253968254,0.0073688114
0.08299319727891157,-0.0036717209
0.08344671201814059,-0.01412183
0.08390022675736962,-0.018824056
0.08435374149659863,-0.017021883
0.08480725623582766,-0.010512247
0.08526077097505669,-0.0011226803
0.08571428571428572,0.0074602426
0.08616780045351474,0.0108830845
0.08662131519274377,0.00832908
0.08707482993197278,-0.00072236743
0.08752834467120181,-0.015454147
0.08798185941043084,-0.02995074
0.08843537414965986,-0.041162066
0.08888888888888889,-0.0450259
0.08934240362811792,-0.03947625
0.08979591836734693,-0.02841074
0.09024943310657596,-0.013707184
0.09070294784580499,-0.0011106833
0.09115646258503401,0.0047598747
0.09160997732426304,0.0018348874
0.09206349206349207,-0.009404342
0.09251700680272108,-0.026069993
0.09297052154195011,-0.04295257
0.09342403628117914,-0.05660474
0.09387755102040816,-0.06375892
0.09433106575963719,-0.06258008
0.09478458049886622,-0.055140976
0.09523809523809523,-0.044789437
0.09569160997732426,-0.035038736
0.09614512471655329,-0.027290333
0.09659863945578231,-0.022815548
0.09705215419501134,-0.020259207
0.09750566893424037,-0.017904421
0.09795918367346938,-0.015627064
0.09841269841269841,-0.013400663
0.09886621315192744,-0.01158329
0.09931972789115646,-0.01255275
0.09977324263038549,-0.015711905
0.10022675736961452,-0.020777078
0.10068027210884353,-0.025714431
0.10113378684807256,-0.026902588
0.10158730158730159,-0.022561643
0.10204081632653061,-0.012365139
0.10249433106575964,0.0011579371
0.10294784580498866,0.0132185565
0.10340136054421768,0.02077028
0.10385487528344671,0.020047978
0.10430839002267574,0.009863788
0.10476190476190476,-0.003576941
0.10521541950113379,-0.015069695
0.1056689342403628,-0.020540938
0.10612244897959183,-0.017367309
0.10657596371882086,-0.004317428
0.10702947845804989,0.01481223
0.10748299319727891,0.032587506
0.10793650793650794,0.043545727
0.10839002267573696,0.044267893
0.10884353741496598,0.034402907
0.10929705215419501,0.01928781
0.10975056689342404,0.005178399
0.11020408163265306,-0.0023862887
0.11065759637188209,-0.0015778913
0.1111111111111111,0.0072610867
0.11156462585034013,0.0204079
0.11201814058956916,0.033180542
0.11247165532879819,0.045091517
0.11292517006802721,0.052804936
0.11337868480725624,0.05519712
0.11383219954648525,0.05313749
0.11428571428571428,0.0483953
0.11473922902494331,0.04416809
0.11519274376417234,0.041896395
0.11564625850340136,0.039847348
0.11609977324263039,0.03817307
0.1165532879818594,0.035634886
0.11700680272108843,0.032537382
0.11746031746031746,0.030476619
0.11791383219954649,0.028364055
0.11836734693877551,0.028623188
0.11882086167800454,0.03188297
0.11927437641723355,0.036314316
0.11972789115646258,0.041528035
0.12018140589569161,0.045318253
0.12063492063492064,0.044311058
0.12108843537414966,0.039329648
0.12154195011337869,0.029955635
0.1219954648526077,0.01948359
0.12244897959183673,0.010628817
0.12290249433106576,0.005145831
0.12335600907029479,0.005658413
0.12380952380952381,0.011017805
0.12426303854875284,0.020380128
0.12471655328798185,0.030055389
0.1251700680272109,0.03733457
0.12562358276643992,0.03980154
0.12607709750566892,0.03402596
0.12653061224489795,0.02116462
0.12698412698412698,0.0069419206
0.127437641723356,-0.005847069
0.12789115646258503,-0.013725767
0.12834467120181406,-0.013748354
0.1287981859410431,-0.007260639
0.1292517006802721,0.0021521654
0.12970521541950114,0.011220566
0.13015873015873017,0.017826177
0.1306122448979592,0.018993843
0.1310657596371882,0.0148390755
0.13151927437641722,0.006708651
0.13197278911564625,-0.0019197415
0.13242630385487528,-0.0089058485
0.1328798185941043,-0.014214411
0.13333333333333333,-0.016028795
0.13378684807256236,-0.014570687
0.13424036281179139,-0.011459187
0.1346938775510204,-0.0077621453
0.13514739229024944,-0.0053614457
0.13560090702947847,-0.004961398
0.1360544217687075,-0.005528882
0.1365079365079365,-0.006870735
0.13696145124716552,-0.010306858
0.13741496598639455,-0.01583324
0.13786848072562358,-0.02262785
0.1383219954648526,-0.030901726
0.13877551020408163,-0.038073592
0.13922902494331066,-0.042582687
0.13968253968253969,-0.044064447
0.1401360544217687,-0.041462407
0.14058956916099774,-0.035616044
0.14104308390022677,-0.02700652
0.1414965986394558,-0.01864954
0.1419501133786848,-0.0138275195
0.14240362811791382,-0.011989412
0.14285714285714285,-0.01493253
0.14331065759637188,-0.02327413
0.1437641723356009,-0.032252833
0.14421768707482993,-0.038159434
0.14467120181405896,-0.03907573
0.14512471655328799,-0.03516426
0.145578231292517,-0.02763674
0.14603174603174604,-0.018517697
0.14648526077097507,-0.010885348
0.1469387755102041,-0.006314084
0.1473922902494331,-0.006449813
0.14784580498866212,-0.010849705
0.14829931972789115,-0.01623135
0.14875283446712018,-0.021232724
0.1492063492063492,-0.023569642
0.14965986394557823,-0.02164384
0.15011337868480726,-0.01793782
0.15056689342403629,-0.01350944
0.1510204081632653,-0.008641189
0.15147392290249434,-0.0051825843
0.15192743764172337,-0.002988528
0.1523809523809524,-0.0018801154
0.1528344671201814,-0.0020115038
0.15328798185941042,-0.003999722
0.15374149659863945,-0.0068854177
0.15419501133786848,-0.0074448795
0.1546485260770975,-0.00695272
0.15510204081632653,-0.0047135544
0.15555555555555556,-0.0013901232
0.15600907029478459,0.0025980673
0.1564625850340136,0.0070588924
0.15691609977324264,0.010308651
0.15736961451247167,0.012394543
0.15782312925170067,0.012235276
0.1582766439909297,0.012619112
0.15873015873015872,0.013597932
0.15918367346938775,0.014396199
0.15963718820861678,0.016640466
0.1600907029478458,0.019577365
0.16054421768707483,0.022260368
0.16099773242630386,0.023964848
0.16145124716553289,0.024831075
0.1619047619047619,0.024887392
0.16235827664399094,0.024289671
0.16281179138321997,0.024234872
0.16326530612244897,0.024219604
0.163718820861678,0.023541965
0.16417233560090702,0.02323124
0.16462585034013605,0.024445795
0.16507936507936508,0.026337678
0.1655328798185941,0.028065737
0.16598639455782313,0.030744355
0.16643990929705216,0.03350951
0.16689342403628118,0.035706684
0.1673469387755102,0.036617942
0.16780045351473924,0.03576887
0.16825396825396827,0.033305172
0.16870748299319727,0.030005872
0.1691609977324263,0.026777701
0.16961451247165532,0.023531534
0.17006802721088435,0.021987392
0.17052154195011338,0.020719714
0.1709750566893424,0.019749139
0.17142857142857143,0.020164788
0.17188208616780046,0.021510934
0.17233560090702948,0.022934373
0.1727891156462585,0.022502696
0.17324263038548754,0.019800305
0.17369614512471657,0.016297096
0.17414965986394557,0.013931395
0.1746031746031746,0.011798672
0.17505668934240362,0.010076477
0.17551020408163265,0.01011163
0.17596371882086168,0.011513742
0.1764172335600907,0.013097589
0.17687074829931973,0.0143934665
0.17732426303854876,0.014317198
0.17777777777777778,0.012113236
0.1782312925170068,0.008487205
0.17868480725623584,0.0033943716
0.17913832199546487,-0.002491855
0.17959183673469387,-0.0066865804
0.1800453514739229,-0.008026668
0.18049886621315192,-0.008406731
0.18095238095238095,-0.00872681
0.18140589569160998,-0.008784615
0.181859410430839,-0.010297749
0.18231292517006803,-0.013467163
0.18276643990929706,-0.015289435
0.18321995464852608,-0.016937977
0.1836734693877551,-0.018648144
0.18412698412698414,-0.019620268
0.18458049886621314,-0.021221
0.18503401360544217,-0.022715444
0.1854875283446712,-0.023150304
0.18594104308390022,-0.022031756
0.18639455782312925,-0.021054316
0.18684807256235827,-0.020501232
0.1873015873015873,-0.019240739
0.18775510204081633,-0.017173078
0.18820861678004536,-0.015597887
0.18866213151927438,-0.01457057
0.1891156462585034,-0.013247127
0.18956916099773244,-0.013302735
0.19002267573696144,-0.0139503
0.19047619047619047,-0.01363682
0.1909297052154195,-0.014273107
0.19138321995464852,-0.015722517
0.19183673469387755,-0.01653104
0.19229024943310657,-0.016146068
0.1927437641723356,-0.015400362
0.19319727891156463,-0.015876342
0.19365079365079366,-0.015819004
0.19410430839002268,-0.015163415
0.1945578231292517,-0.016072316
0.19501133786848074,-0.018849254
0.19546485260770974,-0.022005266
0.19591836734693877,-0.025340164
0.1963718820861678,-0.028394302
0.19682539682539682,-0.029836077
0.19727891156462585,-0.03060752
0.19773242630385487,-0.031180874
0.1981859410430839,-0.02992031
0.19863945578231293,-0.026770284
0.19909297052154196,-0.023040734
0.19954648526077098,-0.020050952
0.2,-0.019068653
0.20045351473922904,-0.017935816
0.20090702947845804,-0.016188413
0.20136054421768707,-0.013880855
0.2018140589569161,-0.011533565
0.20226757369614512,-0.008397568
0.20272108843537415,-0.0035501707
0.20317460317460317,0.0010089226
0.2036281179138322,0.0032740482
0.20408163265306123,0.0030687894
0.20453514739229026,0.0028641252
0.20498866213151928,0.0019220252
0.2054421768707483,0.0008894618
0.2058956916099773,0.0010749927
0.20634920634920634,0.0014044953
0.20680272108843537,0.0014513455
0.2072562358276644,0.0018690639
0.20770975056689342,0.0017170478
0.20816326530612245,0.00050288695
0.20861678004535147,-0.0011437561
0.2090702947845805,-0.002005981
0.20952380952380953,-0.0018625711
0.20997732426303856,-0.0010911986
0.21043083900226758,0.00057491637
0.2108843537414966,0.0005600319
0.2113378684807256,-5.506337e-06
0.21179138321995464,0.0006743735
0.21224489795918366,0.00020473826
0.2126984126984127,0.00027956956
0.21315192743764172,0.00069281046
0.21360544217687075,3.1984957e-05
0.21405895691609977,-0.00091076526
0.2145124716553288,-0.0021564257
0.21496598639455783,-0.001061521
0.21541950113378686,0.00021088052
0.21587301587301588,0.0017850379
0.2163265306122449,0.003036793
0.2167800453514739,0.0039723297
0.21723356009070294,0.0043505873
0.21768707482993196,0.0023023451
0.218140589569161,0.0007187812
0.21859410430839002,-0.00086865755
0.21904761904761905,-0.0017915248
0.21950113378684807,-0.002688208
0.2199546485260771,-0.0025770094
0.22040816326530613,-0.0011001688
0.22086167800453516,-0.0008294068
0.22131519274376418,-0.0013319568
0.2217687074829932,-0.0008033007
0.2222222222222222,0.0012365447
0.22267573696145124,0.0037545785
0.22312925170068026,0.004725071
0.2235827664399093,0.005197172
0.22403628117913832,0.0041696215
0.22448979591836735,0.001969151
0.22494331065759637,0.0011549293
0.2253968253968254,0.0006773912
0.22585034013605443,0.0008320172
0.22630385487528346,0.00018928447
0.22675736961451248,0.0008687412
0.2272108843537415,0.0016798216
0.2276643990929705,0.00030000904
0.22811791383219954,-0.001765995
0.22857142857142856,-0.0037476954
0.2290249433106576,-0.00560062
0.22947845804988662,-0.006853748
0.22993197278911565,-0.005243251
0.23038548752834467,-0.004305304
0.2308390022675737,-0.005912591
0.23129251700680273,-0.0086426735
0.23174603174603176,-0.011562516
0.23219954648526078,-0.013218394
0.23265306122448978,-0.01451097
0.2331065759637188,-0.014298322
0.23356009070294784,-0.01415623
0.23401360544217686,-0.015190381
0.2344671201814059,-0.014658022
0.23492063492063492,-0.013224985
0.23537414965986395,-0.011358517
0.23582766439909297,-0.009611739
0.236281179138322,-0.0071735214
0.23673469387755103,-0.0038408502
0.23718820861678006,-0.0014025718
0.23764172335600908,0.000242536
0.23809523809523808,0.00033644412
0.2385487528344671,0.0007048858
0.23900226757369614,0.002542771
0.23945578231292516,0.0043302113
0.2399092970521542,0.005989867
0.24036281179138322,0.0072464813
0.24081632653061225,0.008855333
0.24126984126984127,0.008979358
0.2417233560090703,0.0064280517
0.24217687074829933,0.005033646
0.24263038548752835,0.004087198
0.24308390022675738,0.0018112853
0.24353741496598638,0.00023475685
0.2439909297052154,-0.000255018
0.24444444444444444,0.00018275356
0.24489795918367346,0.00031817885
0.2453514739229025,0.00071264553
0.24580498866213152,0.002700578
0.24625850340136055,0.0039643156
0.24671201814058957,0.0047474024
0.2471655328798186,0.0055136457
0.24761904761904763,0.0057742274
0.24807256235827665,0.005721597
0.24852607709750568,0.0051435693
0.24897959183673468,0.006208529
0.2494331065759637,0.008483534
0.24988662131519274,0.0100475615
0.2503401360544218,0.011587027
0.2507936507936508,0.012389025
0.25124716553287985,0.012750852
0.25170068027210885,0.012519762
0.25215419501133784,0.011049321
0.2526077097505669,0.0097973505
0.2530612244897959,0.009153039
0.25351473922902495,0.009830656
0.25396825396825395,0.009589491
0.254421768707483,0.008888411
0.254875283446712,0.009068085
0.25532879818594106,0.00803528
0.25578231292517006,0.0069623413
0.2562358276643991,0.006449836
0.2566893424036281,0.005686599
0.2571428571428571,0.004736198
0.2575963718820862,0.0057544154
0.25804988662131517,0.007940018
0.2585034013605442,0.009252947
0.2589569160997732,0.009133698
0.2594104308390023,0.008389713
0.2598639455782313,0.008041861
0.26031746031746034,0.007191789
0.26077097505668934,0.006342088
0.2612244897959184,0.005483433
0.2616780045351474,0.003522575
0.2621315192743764,0.002289361
0.26258503401360545,0.0032124475
0.26303854875283444,0.0037420313
0.2634920634920635,0.00379901
0.2639455782312925,0.0036195873
0.26439909297052155,0.0032889661
0.26485260770975055,0.0015294858
0.2653061224489796,-0.00013051297
0.2657596371882086,-0.00052086095
0.26621315192743766,-0.0008662967
0.26666666666666666,0.00041432105
0.2671201814058957,0.0013578684
0.2675736961451247,0.0015216061
0.2680272108843537,0.00055137125
0.26848072562358277,-0.0005551993
0.26893424036281177,-0.0023675214
0.2693877551020408,-0.004140087
0.2698412698412698,-0.004490443
0.2702947845804989,-0.0056169056
0.2707482993197279,-0.0061733136
0.27120181405895694,-0.0062805885
0.27165532879818594,-0.006192523
0.272108843537415,-0.0060291295
0.272562358276644,-0.00647005
0.273015873015873,-0.0077913557
0.27346938775510204,-0.009607878
0.27392290249433104,-0.010189107
0.2743764172335601,-0.00991076
0.2748299319727891,-0.008619109
0.27528344671201815,-0.0069396263
0.27573696145124715,-0.0070411204
0.2761904761904762,-0.0073471447
0.2766439909297052,-0.0065195584
0.27709750566893426,-0.0056408783
0.27755102040816326,-0.0054503577
0.2780045351473923,-0.00491556
0.2784580498866213,-0.005173454
0.2789115646258503,-0.006533028
0.27936507936507937,-0.008010209
0.27981859410430837,-0.0097133685
0.2802721088435374,-0.0099312095
0.2807256235827664,-0.008662107
0.2811791383219955,-0.007898258
0.2816326530612245,-0.0073642344
0.28208616780045354,-0.0067793843
0.28253968253968254,-0.006952382
0.2829931972789116,-0.0070184935
0.2834467120181406,-0.0062652812
0.2839002267573696,-0.0051151616
0.28435374149659864,-0.0042110267
0.28480725623582764,-0.0038294704
0.2852607709750567,-0.0032782652
0.2857142857142857,-0.002658133
0.28616780045351475,-0.003724937
0.28662131519274375,-0.0035552536
0.2870748299319728,-0.0027457392
0.2875283446712018,-0.0027349193
0.28798185941043086,-0.0026005576
0.28843537414965986,-0.00393931
0.28888888888888886,-0.0048142495
0.2893424036281179,-0.0056718457
0.2897959183673469,-0.0067414497
0.29024943310657597,-0.0069393595
0.29070294784580497,-0.007443622
0.291156462585034,-0.007191036
0.291609977324263,-0.0056837765
0.2920634920634921,-0.0038994036
0.2925170068027211,-0.0022456085
0.29297052154195014,-0.0010850674
0.29342403628117913,-9.714952e-05
0.2938775510204082,0.0013066671
0.2943310657596372,0.0024575966
0.2947845804988662,0.0028809838
0.29523809523809524,0.0029957076
0.29569160997732424,0.0023200552
0.2961451247165533,0.001477523
0.2965986394557823,0.00053975405
0.29705215419501135,-0.000264833
0.29750566893424035,-0.00022095897
0.2979591836734694,-1.3405756e-05
0.2984126984126984,0.00022380007
0.29886621315192746,0.0008228717
0.29931972789115646,0.0015225025
0.29977324263038546,0.0013215251
0.3002267573696145,0.0006843553
0.3006802721088435,0.0011496554
0.30113378684807257,0.0014353964
0.30158730158730157,0.0016404442
0.3020408163265306,0.0026759312
0.3024943310657596,0.0027248664
0.3029478458049887,0.002865042
0.3034013605442177,0.004110668
0.30385487528344673,0.005228381
0.30430839002267573,0.0055426066
0.3047619047619048,0.005123161
0.3052154195011338,0.0060967132
0.3056689342403628,0.0072001927
0.30612244897959184,0.0062645944
0.30657596371882084,0.005266192
0.3070294784580499,0.004241705
0.3074829931972789,0.00335634
0.30793650793650795,0.0027883493
0.30839002267573695,0.0029496353
0.308843537414966,0.0029967055
0.309297052154195,0.0025592798
0.30975056689342406,0.0032274083
0.31020408163265306,0.0047635543
0.31065759637188206,0.0061366023
0.3111111111111111,0.0058007333
0.3115646258503401,0.005125614
0.31201814058956917,0.0056901127
0.31247165532879817,0.006308566
0.3129251700680272,0.005671846
0.3133786848072562,0.0047428096
0.3138321995464853,0.0036463593
0.3142857142857143,0.0029359949
0.31473922902494333,0.0031237153
0.31519274376417233,0.0034122793
0.31564625850340133,0.0035601228
0.3160997732426304,0.004253117
0.3165532879818594,0.0057454575
0.31700680272108844,0.0056906193
0.31746031746031744,0.004763613
0.3179138321995465,0.00423492
0.3183673469387755,0.00381694
0.31882086167800455,0.0036507072
0.31927437641723355,0.0022605816
0.3197278911564626,-0.00015426149
0.3201814058956916,-0.0012319467
0.32063492063492066,-0.0014765403
0.32108843537414966,-0.0010254888
0.32154195011337866,-0.0003964414
0.3219954648526077,-0.00035789295
0.3224489795918367,-0.000174894
0.32290249433106577,-0.001024518
0.32335600907029477,-0.003305636
0.3238095238095238,-0.005195497
0.3242630385487528,-0.0058281445
0.3247165532879819,-0.0063985814
0.3251700680272109,-0.006528211
0.32562358276643993,-0.0061361184
0.32607709750566893,-0.0052025286
0.32653061224489793,-0.004464883
0.326984126984127,-0.004345546
0.327437641723356,-0.004612132
0.32789115646258504,-0.005638041
0.32834467120181404,-0.005712826
0.3287981859410431,-0.004779934
0.3292517006802721,-0.003684776
0.32970521541950115,-0.0029373844
0.33015873015873015,-0.0025061918
0.3306122448979592,-0.0012566308
0.3310657596371882,-0.0005764803
0.33151927437641726,-0.0010091111
0.33197278911564626,-0.0021897175
0.33242630385487526,-0.0048663057
0.3328798185941043,-0.007870412
0.3333333333333333,-0.010928608
0.33378684807256237,-0.014382008
0.33424036281179137,-0.017632432
0.3346938775510204,-0.019912217
0.3351473922902494,-0.0213146
0.3356009070294785,-0.02149689
0.3360544217687075,-0.020486655
0.33650793650793653,-0.01895224
0.33696145124716553,-0.017254068
0.33741496598639453,-0.0156157715
0.3378684807256236,-0.012775588
0.3383219954648526,-0.009159536
0.33877551020408164,-0.006143688
0.33922902494331064,-0.0027974139
0.3396825396825397,0.00014340058
0.3401360544217687,0.0014337968
0.34058956916099775,0.0020152708
0.34104308390022675,0.0029717914
0.3414965986394558,0.003760662
0.3419501133786848,0.004125646
0.3424036281179138,0.0051963325
0.34285714285714286,0.00613711
0.34331065759637186,0.0075558997
0.3437641723356009,0.007647814
0.3442176870748299,0.00637831
0.34467120181405897,0.0058822143
0.34512471655328797,0.005405036
0.345578231292517,0.0050952905
0.346031746031746,0.0038882673
0.3464852607709751,0.002370288
0.3469387755102041,0.0010077915
0.34739229024943313,0.00073626195
0.34784580498866213,0.00036954074
0.34829931972789113,-0.00094119745
0.3487528344671202,-0.0021639063
0.3492063492063492,-0.0033337688
0.34965986394557824,-0.004891646
0.35011337868480724,-0.007040709
0.3505668934240363,-0.008376636
0.3510204081632653,-0.010254434
0.35147392290249435,-0.011797965
0.35192743764172335,-0.01208821
0.3523809523809524,-0.011373264
0.3528344671201814,-0.008920113
0.3532879818594104,-0.0053798193
0.35374149659863946,-0.001479544
0.35419501133786846,0.0011211003
0.3546485260770975,0.0018824935
0.3551020408163265,0.0027307575
0.35555555555555557,0.003531361
0.35600907029478457,0.0038845763
0.3564625850340136,0.004395075
0.3569160997732426,0.0038804305
0.3573696145124717,0.0043020477
0.3578231292517007,0.0064483187
0.35827664399092973,0.0069757616
0.35873015873015873,0.0067794975
0.35918367346938773,0.007737902
0.3596371882086168,0.00829436
0.3600907029478458,0.008408149
0.36054421768707484,0.009138855
0.36099773242630384,0.009118162
0.3614512471655329,0.0074499245
0.3619047619047619,0.004946125
0.36235827664399095,0.0028269945
0.36281179138321995,0.0009733594
0.363265306122449,-0.001003593
0.363718820861678,-0.0020317796
0.364172335600907,-0.0025262453
0.36462585034013606,-0.0026470341
0.36507936507936506,-0.0019770751
0.3655328798185941,-0.0012660326
0.3659863945578231,0.00018943383
0.36643990929705217,0.0015002923
0.36689342403628117,0.0024299228
0.3673469387755102,0.0032744457
0.3678004535147392,0.002440497
0.3682539682539683,-0.00035304826
0.3687074829931973,-0.0048641036
0.3691609977324263,-0.008614125
0.36961451247165533,-0.010698847
0.37006802721088433,-0.010914048
0.3705215419501134,-0.009839169
0.3709750566893424,-0.008155244
0.37142857142857144,-0.0060176174
0.37188208616780044,-0.0039304458
0.3723356009070295,-0.0026405589
0.3727891156462585,-0.002599994
0.37324263038548755,-0.0025298344
0.37369614512471655,-0.0025684054
0.3741496598639456,-0.0014838037
0.3746031746031746,0.0010738034
0.3750566893424036,0.0034708418
0.37551020408163266,0.00483402
0.37596371882086166,0.006064144
0.3764172335600907,0.0072797984
0.3768707482993197,0.007799694
0.37732426303854877,0.007196381
0.37777777777777777,0.0058094845
0.3782312925170068,0.0040249685
0.3786848072562358,0.00073050713
0.3791383219954649,-0.0026324678
0.3795918367346939,-0.004160143
0.3800453514739229,-0.0044671944
0.38049886621315193,-0.004375163
0.38095238095238093,-0.0038231642
0.38140589569161,-0.0039856387
0.381859410430839,-0.0046840226
0.38231292517006804,-0.0054748035
0.38276643990929704,-0.0052342294
0.3832199546485261,-0.0042255884
0.3836734693877551,-0.00358454
0.38412698412698415,-0.001830963
0.38458049886621315,0.00019982907
0.38503401360544215,0.0017454433
0.3854875283446712,0.0025427898
0.3859410430839002,0.001873396
0.38639455782312926,0.0012036668
0.38684807256235826,0.0012118687
0.3873015873015873,-0.0011126722
0.3877551020408163,-0.0043193223
0.38820861678004537,-0.00564009
0.38866213151927437,-0.006399696
0.3891156462585034,-0.006086093
0.3895691609977324,-0.004195446
0.3900226757369615,-0.0010840183
0.3904761904761905,0.0025962098
0.3909297052154195,0.005956734
0.39138321995464853,0.00832535
0.39183673469387753,0.0090834275
0.3922902494331066,0.0076402635
0.3927437641723356,0.004648348
0.39319727891156464,0.0018951466
0.39365079365079364,0.00026383233
0.3941043083900227,6.7540146e-05
0.3945578231292517,0.00047947708
0.39501133786848075,0.0016136093
0.39546485260770975,0.0018547056
0.39591836734693875,-8.054017e-05
0.3963718820861678,-0.0020504906
0.3968253968253968,-0.0033029653
0.39727891156462586,-0.004519957
0.39773242630385486,-0.0052131964
0.3981859410430839,-0.0043454976
0.3986394557823129,-0.001347411
0.39909297052154197,0.003658434
0.39954648526077097,0.010108352
0.4,0.017507754
0.400453514739229,0.024019381
0.4009070294784581,0.029058514
0.4013605442176871,0.03189069
0.4018140589569161,0.030347554
0.40226757369614513,0.025153503
0.40272108843537413,0.017418366
0.4031746031746032,0.008972587
0.4036281179138322,0.0007512942
0.40408163265306124,-0.009634602
0.40453514739229024,-0.020948185
0.4049886621315193,-0.032473277
0.4054421768707483,-0.044871677
0.40589569160997735,-0.05543911
0.40634920634920635,-0.06250537
0.40680272108843535,-0.06662637
0.4072562358276644,-0.068555936
0.4077097505668934,-0.06775958
0.40816326530612246,-0.063869506
0.40861678004535146,-0.058175668
0.4090702947845805,-0.051769096
0.4095238095238095,-0.044883803
0.40997732426303857,-0.037842557
0.41043083900226757,-0.02870279
0.4108843537414966,-0.014671375
0.4113378684807256,0.004279547
0.4117913832199546,0.029214455
0.4122448979591837,0.059980236
0.4126984126984127,0.09465026
0.41315192743764173,0.13027756
0.41360544217687073,0.16195537
0.4140589569160998,0.18401416
0.4145124716553288,0.19109485
0.41496598639455784,0.18126272
0.41541950113378684,0.1545665
0.4158730158730159,0.11440236
0.4163265306122449,0.06587948
0.41678004535147395,0.014386811
0.41723356009070295,-0.033750094
0.41768707482993195,-0.07546349
0.418140589569161,-0.1113332
0.41859410430839,-0.14164262
0.41904761904761906,-0.16600826
0.41950113378684806,-0.18398938
0.4199546485260771,-0.19731987
0.4204081632653061,-0.20524897
0.42086167800453517,-0.20656906
0.42131519274376417,-0.2024264
0.4217687074829932,-0.19152822
0.4222222222222222,-0.17471299
0.4226757369614512,-0.15367481
0.4231292517006803,-0.12966703
0.4235827664399093,-0.103039175
0.42403628117913833,-0.07542052
0.42448979591836733,-0.051055185
0.4249433106575964,-0.03424503
0.4253968253968254,-0.02410011
0.42585034013605444,-0.019032547
0.42630385487528344,-0.015918424
0.4267573696145125,-0.008278596
0.4272108843537415,0.0086164875
0.42766439909297055,0.04156775
0.42811791383219955,0.091649264
0.42857142857142855,0.15433301
0.4290249433106576,0.22533934
0.4294784580498866,0.29697725
0.42993197278911566,0.35974312
0.43038548752834466,0.40894142
0.4308390022675737,0.44117525
0.4312925170068027,0.4562897
0.43174603174603177,0.45772767
0.43219954648526077,0.45080808
0.4326530612244898,0.44141936
0.4331065759637188,0.4312619
0.4335600907029478,0.4181374
0.4340136054421769,0.39822713
0.4344671201814059,0.36852294
0.43492063492063493,0.323286
0.43537414965986393,0.26382807
0.435827664399093,0.19399397
0.436281179138322,0.11868318
0.43673469387755104,0.04644292
0.43718820861678004,-0.015145432
0.4376417233560091,-0.061517477
0.4380952380952381,-0.09344513
0.4385487528344671,-0.1142619
0.43900226757369615,-0.13178398
0.43945578231292515,-0.15388505
0.4399092970521542,-0.18803544
0.4403628117913832,-0.23728013
0.44081632653061226,-0.30027947
0.44126984126984126,-0.3716961
0.4417233560090703,-0.44241464
0.4421768707482993,-0.503738
0.44263038548752837,-0.5484534
0.44308390022675737,-0.5747167
0.4435374149659864,-0.5832291
0.4439909297052154,-0.57803166
0.4444444444444444,-0.5660803
0.4448979591836735,-0.5518242
0.4453514739229025,-0.53699625
0.44580498866213153,-0.5194663
0.44625850340136053,-0.49549556
0.4467120181405896,-0.46117175
0.4471655328798186,-0.4127599
0.44761904761904764,-0.35019803
0.44807256235827664,-0.27621824
0.4485260770975057,-0.19579858
0.4489795918367347,-0.11529777
0.4494331065759637,-0.039776947
0.44988662131519275,0.026128454
0.45034013605442175,0.081987396
0.4507936507936508,0.12943828
0.4512471655328798,0.17083807
0.45170068027210886,0.21058396
0.45215419501133786,0.24966377
0.4526077097505669,0.2886613
0.4530612244897959,0.32872033
0.45351473922902497,0.3663019
0.45396825396825397,0.39546683
0.454421768707483,0.4147597
0.454875283446712,0.42376924
0.455328798185941,0.42270467
0.4557823129251701,0.41475734
0.4562358276643991,0.4012779
0.45668934240362813,0.38358063
0.45714285714285713,0.3630396
0.4575963718820862,0.33901304
0.4580498866213152,0.31134138
0.45850340136054424,0.27948043
0.45895691609977324,0.243728
0.4594104308390023,0.20447436
0.4598639455782313,0.16358973
0.4603174603174603,0.12283754
0.46077097505668935,0.08434247
0.46122448979591835,0.050593805
0.4616780045351474,0.020693997
0.4621315192743764,-0.0059626405
0.46258503401360546,-0.028903523
0.46303854875283446,-0.04820359
0.4634920634920635,-0.064738005
0.4639455782312925,-0.07901234
0.46439909297052157,-0.09216377
0.46485260770975056,-0.104614004
0.46530612244897956,-0.11607052
0.4657596371882086,-0.12422009
0.4662131519274376,-0.12761107
0.4666666666666667,-0.1270577
0.4671201814058957,-0.123751275
0.46757369614512473,-0.11801382
0.46802721088435373,-0.10962414
0.4684807256235828,-0.10050013
0.4689342403628118,-0.09221129
0.46938775510204084,-0.08441071
0.46984126984126984,-0.07649308
0.4702947845804989,-0.069459714
0.4707482993197279,-0.062210467
0.4712018140589569,-0.053663388
0.47165532879818595,-0.044226803
0.47210884353741495,-0.034631994
0.472562358276644,-0.026215997
0.473015873015873,-0.017878018
0.47346938775510206,-0.010630458
0.47392290249433106,-0.005755335
0.4743764172335601,-0.00039794276
0.4748299319727891,0.006119924
0.47528344671201816,0.01158448
0.47573696145124716,0.01612618
0.47619047619047616,0.0212202
0.4766439909297052,0.026163235
0.4770975056689342,0.030001145
0.4775510204081633,0.032559305
0.4780045351473923,0.033425044
0.47845804988662133,0.03217643
0.47891156462585033,0.028973943
0.4793650793650794,0.026651768
0.4798185941043084,0.026072783
0.48027210884353744,0.025361927
0.48072562358276644,0.025163662
0.4811791383219955,0.024397753
0.4816326530612245,0.023554454
0.4820861678004535,0.023807427
0.48253968253968255,0.023767944
0.48299319727891155,0.02293902
0.4834467120181406,0.020910444
0.4839002267573696,0.017241474
0.48435374149659866,0.0124401525
0.48480725623582765,0.008551112
0.4852607709750567,0.0055534826
0.4857142857142857,0.00288613
0.48616780045351476,0.0010702464
0.48662131519274376,0.000898676
0.48707482993197276,0.0009449433
0.4875283446712018,-0.00024377483
0.4879818594104308,-0.0010890573
0.4884353741496599,-0.002217266
0.4888888888888889,-0.004804545
0.48934240362811793,-0.008421048
0.4897959183673469,-0.011396979
0.490249433106576,-0.014960268
0.490702947845805,-0.018768756
0.49115646258503404,-0.019382572
0.49160997732426304,-0.018636728
0.49206349206349204,-0.017623754
0.4925170068027211,-0.015655585
0.4929705215419501,-0.014170322
0.49342403628117915,-0.014567564
0.49387755102040815,-0.017291348
0.4943310657596372,-0.02093556
0.4947845804988662,-0.02496374
0.49523809523809526,-0.029490132
0.49569160997732425,-0.032532383
0.4961451247165533,-0.033934295
0.4965986394557823,-0.033385336
0.49705215419501136,-0.032767955
0.49750566893424036,-0.034124233
0.49795918367346936,-0.03558365
0.4984126984126984,-0.0370803
0.4988662131519274,-0.038795646
0.4993197278911565,-0.039217513
0.4997732426303855,-0.038438432
0.5002267573696145,-0.038611572
0.5006802721088436,-0.03710154
0.5011337868480725,-0.033920333
0.5015873015873016,-0.032210287
0.5020408163265306,-0.029353322
0.5024943310657597,-0.025657166
0.5029478458049886,-0.02095031
0.5034013605442177,-0.015546631
0.5038548752834467,-0.011730651
0.5043083900226757,-0.009550217
0.5047619047619047,-0.008933585
0.5052154195011338,-0.008342177
0.5056689342403629,-0.0075365244
0.5061224489795918,-0.005865483
0.5065759637188209,-0.0046652015
0.5070294784580499,-0.0033003665
0.507482993197279,-0.0012765577
0.5079365079365079,0.00029450897
0.508390022675737,0.001969885
0.508843537414966,0.003143668
0.509297052154195,0.0049636187
0.509750566893424,0.0068556103
0.5102040816326531,0.009187113
0.5106575963718821,0.012602109
0.5111111111111111,0.016362011
0.5115646258503401,0.019541476
0.5120181405895692,0.020827921
0.5124716553287982,0.020141337
0.5129251700680272,0.018834583
0.5133786848072562,0.01801193
0.5138321995464853,0.0167762
0.5142857142857142,0.014433767
0.5147392290249433,0.012266443
0.5151927437641723,0.0105556855
0.5156462585034014,0.008599514
0.5160997732426303,0.0097980015
0.5165532879818594,0.012940633
0.5170068027210885,0.014796881
0.5174603174603175,0.016655538
0.5179138321995465,0.018023092
0.5183673469387755,0.018992389
0.5188208616780046,0.019551512
0.5192743764172335,0.019902391
0.5197278911564626,0.020318095
0.5201814058956916,0.021033052
0.5206349206349207,0.022869635
0.5210884353741496,0.024187615
0.5215419501133787,0.024639314
0.5219954648526077,0.023832828
0.5224489795918368,0.021905556
0.5229024943310657,0.020259364
0.5233560090702948,0.018625082
0.5238095238095238,0.017040292
0.5242630385487528,0.0155834155
0.5247165532879818,0.014663388
0.5251700680272109,0.013132427
0.52562358276644,0.011871647
0.5260770975056689,0.010432959
0.5265306122448979,0.008162627
0.526984126984127,0.0070007676
0.527437641723356,0.00509464
0.527891156462585,0.0018322389
0.528344671201814,-0.00066623004
0.5287981859410431,-0.00047529288
0.5292517006802722,-0.0008247932
0.5297052154195011,-0.0019661207
0.5301587301587302,-0.0040623117
0.5306122448979592,-0.0073441854
0.5310657596371882,-0.010314118
0.5315192743764172,-0.015170255
0.5319727891156463,-0.01975385
0.5324263038548753,-0.023008643
0.5328798185941043,-0.023782948
0.5333333333333333,-0.022234224
0.5337868480725624,-0.019746117
0.5342403628117914,-0.017000357
0.5346938775510204,-0.014571505
0.5351473922902494,-0.01387
0.5356009070294785,-0.01517273
0.5360544217687074,-0.016685275
0.5365079365079365,-0.017112132
0.5369614512471655,-0.015586703
0.5374149659863946,-0.013884023
0.5378684807256235,-0.011746493
0.5383219954648526,-0.009236784
0.5387755102040817,-0.007614951
0.5392290249433107,-0.007094245
0.5396825396825397,-0.007638212
0.5401360544217687,-0.008782697
0.5405895691609978,-0.009898631
0.5410430839002267,-0.011711324
0.5414965986394558,-0.0129838465
0.5419501133786848,-0.013812294
0.5424036281179139,-0.015635785
0.5428571428571428,-0.016928831
0.5433106575963719,-0.017357618
0.5437641723356009,-0.016423285
0.54421768707483,-0.015348923
0.5446712018140589,-0.014544334
0.545124716553288,-0.013411353
0.545578231292517,-0.012505043
0.546031746031746,-0.011578574
0.546485260770975,-0.01024866
0.5469387755102041,-0.007822843
0.5473922902494331,-0.0053435415
0.5478458049886621,-0.0036680344
0.5482993197278911,-0.003913796
0.5487528344671202,-0.00445044
0.5492063492063493,-0.0034997466
0.5496598639455782,-0.002733787
0.5501133786848073,-0.0016015464
0.5505668934240363,0.0013494893
0.5510204081632653,0.0050946116
0.5514739229024943,0.008081397
0.5519274376417234,0.009301543
0.5523809523809524,0.009035166
0.5528344671201814,0.008914771
0.5532879818594104,0.009158103
0.5537414965986395,0.010515034
0.5541950113378685,0.012578318
0.5546485260770975,0.014053284
0.5551020408163265,0.01478276
0.5555555555555556,0.016148884
0.5560090702947846,0.01847479
0.5564625850340136,0.01977762
0.5569160997732426,0.020565087
0.5573696145124717,0.021909764
0.5578231292517006,0.022522189
0.5582766439909297,0.022740953
0.5587301587301587,0.022100585
0.5591836734693878,0.019413456
0.5596371882086167,0.016510757
0.5600907029478458,0.014306241
0.5605442176870749,0.014608134
0.5609977324263039,0.017311804
0.5614512471655329,0.019878589
0.5619047619047619,0.02167752
0.562358276643991,0.022975603
0.5628117913832199,0.022542123
0.563265306122449,0.021088725
0.563718820861678,0.019825771
0.5641723356009071,0.017585674
0.564625850340136,0.014843558
0.5650793650793651,0.012184956
0.5655328798185941,0.009449346
0.5659863945578232,0.0061376644
0.5664399092970521,0.0036093083
0.5668934240362812,0.0010411765
0.5673469387755102,-0.00041153273
0.5678004535147392,0.00021415288
0.5682539682539682,0.000973207
0.5687074829931973,0.0009129072
0.5691609977324263,-2.5991896e-05
0.5696145124716553,-0.00086217135
0.5700680272108843,-0.0026894363
0.5705215419501134,-0.00430293
0.5709750566893425,-0.0048762355
0.5714285714285714,-0.004887332
0.5718820861678005,-0.0050380053
0.5723356009070295,-0.004914685
0.5727891156462585,-0.004227738
0.5732426303854875,-0.004091125
0.5736961451247166,-0.0037241876
0.5741496598639456,-0.0031916227
0.5746031746031746,-0.0027111487
0.5750566893424036,-0.002756492
0.5755102040816327,-0.003901162
0.5759637188208617,-0.005248871
0.5764172335600907,-0.006892471
0.5768707482993197,-0.008229692
0.5773242630385488,-0.0089405235
0.5777777777777777,-0.00897303
0.5782312925170068,-0.008476979
0.5786848072562358,-0.009468718
0.5791383219954649,-0.010562722
0.5795918367346938,-0.01060564
0.5800453514739229,-0.010512224
0.5804988662131519,-0.0109581435
0.580952380952381,-0.01224046
0.5814058956916099,-0.012506389
0.581859410430839,-0.0121388165
0.582312925170068,-0.011717764
0.5827664399092971,-0.0129236
0.583219954648526,-0.01384834
0.5836734693877551,-0.013223899
0.5841269841269842,-0.013181586
0.5845804988662131,-0.011893451
0.5850340136054422,-0.0106220925
0.5854875283446712,-0.009281995
0.5859410430839003,-0.008924053
0.5863945578231292,-0.009503284
0.5868480725623583,-0.010028329
0.5873015873015873,-0.011679578
0.5877551020408164,-0.013812022
0.5882086167800453,-0.014561611
0.5886621315192744,-0.014079814
0.5891156462585034,-0.014120309
0.5895691609977324,-0.014035724
0.5900226757369614,-0.013983508
0.5904761904761905,-0.013745648
0.5909297052154195,-0.013014283
0.5913832199546485,-0.010598919
0.5918367346938775,-0.0073233545
0.5922902494331066,-0.0050814194
0.5927437641723357,-0.0029235992
0.5931972789115646,-0.0004110668
0.5936507936507937,0.0014098885
0.5941043083900227,0.0021726983
0.5945578231292517,0.0028143344
0.5950113378684807,0.0040525296
0.5954648526077098,0.005337139
0.5959183673469388,0.006835789
0.5963718820861678,0.008613241
0.5968253968253968,0.010730069
0.5972789115646259,0.013525712
0.5977324263038549,0.014840701
0.5981859410430839,0.014899901
0.5986394557823129,0.014139772
0.599092970521542,0.01267721
0.5995464852607709,0.012251645
0.6,0.012845693
0.600453514739229,0.013356984
0.6009070294784581,0.014357721
0.601360544217687,0.015318882
0.6018140589569161,0.015273663
0.6022675736961451,0.014883415
0.6027210884353742,0.013465009
0.6031746031746031,0.0122382175
0.6036281179138322,0.011241768
0.6040816326530613,0.010406245
0.6045351473922902,0.011197993
0.6049886621315193,0.012084309
0.6054421768707483,0.012655993
0.6058956916099774,0.013719628
0.6063492063492063,0.013867844
0.6068027210884354,0.013781071
0.6072562358276644,0.014336813
0.6077097505668935,0.016018566
0.6081632653061224,0.017936556
0.6086167800453515,0.020416353
0.6090702947845805,0.023988526
0.6095238095238096,0.02614308
0.6099773242630385,0.027777728
0.6104308390022676,0.029821543
0.6108843537414966,0.031033788
0.6113378684807256,0.030271826
0.6117913832199546,0.029453807
0.6122448979591837,0.027718794
0.6126984126984127,0.024268968
0.6131519274376417,0.020596478
0.6136054421768707,0.018743433
0.6140589569160998,0.017935637
0.6145124716553289,0.01710111
0.6149659863945578,0.018184677
0.6154195011337869,0.019192204
0.6158730158730159,0.018569557
0.6163265306122448,0.016849814
0.6167800453514739,0.015496252
0.617233560090703,0.013198629
0.617687074829932,0.011840759
0.618140589569161,0.011395368
0.61859410430839,0.00871692
0.6190476190476191,0.006235616
0.6195011337868481,0.005084948
0.6199546485260771,0.0041287253
0.6204081632653061,0.0022058205
0.6208616780045352,0.0010893875
0.6213151927437641,-1.5657324e-05
0.6217687074829932,-0.0025092177
0.6222222222222222,-0.004874896
0.6226757369614513,-0.006987075
0.6231292517006802,-0.009059192
0.6235827664399093,-0.0105907265
0.6240362811791383,-0.010450847
0.6244897959183674,-0.009469329
0.6249433106575963,-0.008014015
0.6253968253968254,-0.0062248874
0.6258503401360545,-0.0034618145
0.6263038548752834,-0.0018138678
0.6267573696145124,-0.0020474684
0.6272108843537415,-0.0009325499
0.6276643990929706,0.0012057802
0.6281179138321995,0.0034854112
0.6285714285714286,0.0044175335
0.6290249433106576,0.0027521083
0.6294784580498867,5.80836e-05
0.6299319727891156,-0.0014010924
0.6303854875283447,-0.002816536
0.6308390022675737,-0.00405569
0.6312925170068027,-0.004647803
0.6317460317460317,-0.0038636012
0.6321995464852608,-0.0020955536
0.6326530612244898,-0.0009098824
0.6331065759637188,0.0006080863
0.6335600907029478,0.001088162
0.6340136054421769,0.00017837975
0.6344671201814059,-0.0014838605
0.6349206349206349,-0.00359245
0.6353741496598639,-0.0057664257
0.635827664399093,-0.007414271
0.636281179138322,-0.008604012
0.636734693877551,-0.008580629
0.63718820861678,-0.007279783
0.6376417233560091,-0.006700357
0.638095238095238,-0.0051791775
0.6385487528344671,-0.0023175664
0.6390022675736962,-0.0008148861
0.6394557823129252,-0.0006677568
0.6399092970521542,-0.0011506092
0.6403628117913832,-0.0015524357
0.6408163265306123,-0.0013605306
0.6412698412698413,-0.00020010895
0.6417233560090703,0.0026728562
0.6421768707482993,0.006072964
0.6426303854875284,0.008211993
0.6430839002267573,0.009510081
0.6435374149659864,0.011632867
0.6439909297052154,0.0129507845
0.6444444444444445,0.012155071
0.6448979591836734,0.011180778
0.6453514739229025,0.009806092
0.6458049886621315,0.007831543
0.6462585034013606,0.007446319
0.6467120181405895,0.00902824
0.6471655328798186,0.00949839
0.6476190476190476,0.009360289
0.6480725623582766,0.010665002
0.6485260770975056,0.011303966
0.6489795918367347,0.011743376
0.6494331065759638,0.012814422
0.6498866213151927,0.01433186
0.6503401360544218,0.015159132
0.6507936507936508,0.013898683
0.6512471655328799,0.012498174
0.6517006802721088,0.011406633
0.6521541950113379,0.010529482
0.6526077097505669,0.009079239
0.6530612244897959,0.007902772
0.6535147392290249,0.007383718
0.653968253968254,0.0070704375
0.654421768707483,0.0070492085
0.654875283446712,0.0063347714
0.655328798185941,0.0056426763
0.6557823129251701,0.0054222164
0.6562358276643991,0.005569584
0.6566893424036281,0.0044414
0.6571428571428571,0.0030752928
0.6575963718820862,0.002163267
0.6580498866213151,0.0013636654
0.6585034013605442,0.00035094316
0.6589569160997732,-0.0001982295
0.6594104308390023,0.00060800667
0.6598639455782312,0.0012153777
0.6603174603174603,0.0014622324
0.6607709750566894,0.002362104
0.6612244897959184,0.003554999
0.6616780045351474,0.0036089981
0.6621315192743764,0.0044913446
0.6625850340136055,0.005221619
0.6630385487528345,0.004427765
0.6634920634920635,0.0033690387
0.6639455782312925,0.003341858
0.6643990929705216,0.0038896822
0.6648526077097505,0.0033627711
0.6653061224489796,0.0029039553
0.6657596371882086,0.0025349385
0.6662131519274377,0.0019462092
0.6666666666666666,0.002256592
0.6671201814058957,0.003561219
0.6675736961451247,0.0037357018
0.6680272108843538,0.002476417
0.6684807256235827,0.0006379177
0.6689342403628118,-0.0019649365
0.6693877551020408,-0.004385573
0.6698412698412698,-0.0057794284
0.6702947845804988,-0.0071979337
0.6707482993197279,-0.008354336
0.671201814058957,-0.008911101
0.6716553287981859,-0.008256839
0.672108843537415,-0.0066901185
0.672562358276644,-0.0060492973
0.6730158730158731,-0.004922764
0.673469387755102,-0.0037648468
0.6739229024943311,-0.0033085959
0.6743764172335601,-0.0023457038
0.6748299319727891,-0.0017107121
0.6752834467120181,-0.0020996165
0.6757369614512472,-0.0010137396
0.6761904761904762,0.00030601208
0.6766439909297052,-0.00040766492
0.6770975056689342,-0.0009284783
0.6775510204081633,-0.0016249099
0.6780045351473923,-0.0026196113
0.6784580498866213,-0.0032998228
0.6789115646258503,-0.0038749774
0.6793650793650794,-0.0041604936
0.6798185941043083,-0.0044699255
0.6802721088435374,-0.004648622
0.6807256235827664,-0.005509275
0.6811791383219955,-0.0069156745
0.6816326530612244,-0.008415628
0.6820861678004535,-0.01160513
0.6825396825396826,-0.013529829
0.6829931972789116,-0.0133519685
0.6834467120181406,-0.012165624
0.6839002267573696,-0.009102416
0.6843537414965987,-0.00572339
0.6848072562358276,-0.0021278115
0.6852607709750567,0.0009026528
0.6857142857142857,0.0030214463
0.6861678004535148,0.0038300152
0.6866213151927437,0.0022489731
0.6870748299319728,-0.00065234385
0.6875283446712018,-0.0013805184
0.6879818594104309,-0.0005843943
0.6884353741496598,0.001067363
0.6888888888888889,0.0027299388
0.6893424036281179,0.0035837642
0.689795918367347,0.0050968183
0.6902494331065759,0.0053856657
0.690702947845805,0.0043559535
0.691156462585034,0.003831469
0.691609977324263,0.0038424989
0.692063492063492,0.002433544
0.6925170068027211,0.00044110656
0.6929705215419502,-0.0014865637
0.6934240362811791,-0.0017884878
0.6938775510204082,-0.0013242824
0.6943310657596372,-0.0025815275
0.6947845804988663,-0.004265724
0.6952380952380952,-0.005797178
0.6956916099773243,-0.007878747
0.6961451247165533,-0.010538622
0.6965986394557823,-0.01323165
0.6970521541950113,-0.015551129
0.6975056689342404,-0.016782785
0.6979591836734694,-0.017327003
0.6984126984126984,-0.016969884
0.6988662131519274,-0.015364696
0.6993197278911565,-0.013850708
0.6997732426303855,-0.011570659
0.7002267573696145,-0.00834982
0.7006802721088435,-0.0061178603
0.7011337868480726,-0.003872082
0.7015873015873015,-0.0023106432
0.7020408163265306,-0.0009140048
0.7024943310657596,0.0012709934
0.7029478458049887,0.0020357508
0.7034013605442176,0.0011430434
0.7038548752834467,-0.00011499454
0.7043083900226758,-0.0015003983
0.7047619047619048,-0.003295493
0.7052154195011338,-0.005494086
0.7056689342403628,-0.006634786
0.7061224489795919,-0.006580907
0.7065759637188208,-0.0067166067
0.7070294784580499,-0.0068386686
0.7074829931972789,-0.0068073934
0.707936507936508,-0.006116147
0.7083900226757369,-0.0055273483
0.708843537414966,-0.0052545564
0.709297052154195,-0.004582394
0.7097505668934241,-0.0036745588
0.710204081632653,-0.0019952734
0.7106575963718821,-0.0004979017
0.7111111111111111,-0.0006743063
0.7115646258503401,-0.00019988012
0.7120181405895691,0.0002526143
0.7124716553287982,-0.00044030877
0.7129251700680272,-0.002106036
0.7133786848072562,-0.00486974
0.7138321995464852,-0.007362718
0.7142857142857143,-0.009079405
0.7147392290249434,-0.008771544
0.7151927437641723,-0.007318418
0.7156462585034014,-0.0054254476
0.7160997732426304,-0.0041280193
0.7165532879818595,-0.0027670464
0.7170068027210884,-0.0013908288
0.7174603174603175,-0.0002487235
0.7179138321995465,0.00014208793
0.7183673469387755,-0.0010962927
0.7188208616780045,-0.0016961321
0.7192743764172336,-0.001578425
0.7197278911564626,-0.0010233666
0.7201814058956916,-0.00018309003
0.7206349206349206,0.0007456037
0.7210884353741497,0.0017286056
0.7215419501133787,0.0026159433
0.7219954648526077,0.003935387
0.7224489795918367,0.004599137
0.7229024943310658,0.0032531794
0.7233560090702947,0.0017749768
0.7238095238095238,0.0016282077
0.7242630385487528,0.0018194225
0.7247165532879819,0.0019503502
0.7251700680272108,0.0018585764
0.7256235827664399,0.0010545141
0.726077097505669,0.0003740347
0.726530612244898,-0.0015321632
0.726984126984127,-0.004211751
0.727437641723356,-0.0062410957
0.7278911564625851,-0.008514315
0.728344671201814,-0.009955269
0.7287981859410431,-0.010481946
0.7292517006802721,-0.010369508
0.7297052154195012,-0.009268725
0.7301587301587301,-0.008787237
0.7306122448979592,-0.008994851
0.7310657596371882,-0.008068198
0.7315192743764173,-0.0046477653
0.7319727891156462,0.0018787525
0.7324263038548753,0.010704051
0.7328798185941043,0.022559814
0.7333333333333333,0.036625
0.7337868480725623,0.051679302
0.7342403628117914,0.06518257
0.7346938775510204,0.07318813
0.7351473922902494,0.07354928
0.7356009070294784,0.0652214
0.7360544217687075,0.04769915
0.7365079365079366,0.021772237
0.7369614512471655,-0.007559127
0.7374149659863946,-0.037576552
0.7378684807256236,-0.06522792
0.7383219954648526,-0.08700212
0.7387755102040816,-0.102884136
0.7392290249433107,-0.11465201
0.7396825396825397,-0.121488005
0.7401360544217687,-0.12344198
0.7405895691609977,-0.124902904
0.7410430839002268,-0.12578991
0.7414965986394558,-0.12501493
0.7419501133786848,-0.122299425
0.7424036281179138,-0.11543122
0.7428571428571429,-0.10346631
0.7433106575963719,-0.08367954
0.7437641723356009,-0.05233265
0.7442176870748299,-0.008646463
0.744671201814059,0.049174823
0.7451247165532879,0.11941035
0.745578231292517,0.19570038
0.746031746031746,0.26630685
0.7464852607709751,0.31865764
0.746938775510204,0.3400059
0.7473922902494331,0.32214898
0.7478458049886622,0.26599875
0.7482993197278912,0.1787228
0.7487528344671202,0.07547533
0.7492063492063492,-0.02879647
0.7496598639455783,-0.11896594
0.7501133786848072,-0.18737566
0.7505668934240363,-0.2328069
0.7510204081632653,-0.25849935
0.7514739229024944,-0.2721683
0.7519274376417233,-0.2803654
0.7523809523809524,-0.2906134
0.7528344671201814,-0.30526716
0.7532879818594105,-0.32042712
0.7537414965986394,-0.33018002
0.7541950113378685,-0.3242962
0.7546485260770975,-0.291348
0.7551020408163265,-0.22586098
0.7555555555555555,-0.13093513
0.7560090702947846,-0.014582962
0.7564625850340136,0.10667247
0.7569160997732426,0.21170564
0.7573696145124716,0.28878674
0.7578231292517007,0.33404052
0.7582766439909298,0.35170203
0.7587301587301587,0.3501112
0.7591836734693878,0.3428081
0.7596371882086168,0.34706014
0.7600907029478458,0.37263617
0.7605442176870748,0.42005023
0.7609977324263039,0.4824212
0.7614512471655329,0.54598814
0.7619047619047619,0.5943263
0.7623582766439909,0.61361736
0.76281179138322,0.5969403
0.763265306122449,0.54599524
0.763718820861678,0.46997994
0.764172335600907,0.3790412
0.7646258503401361,0.28335968
0.765079365079365,0.19461097
0.7655328798185941,0.11671085
0.7659863945578231,0.053015213
0.7664399092970522,0.0019290023
0.7668934240362811,-0.04371444
0.7673469387755102,-0.08872097
0.7678004535147392,-0.13921556
0.7682539682539683,-0.19919747
0.7687074829931972,-0.26709318
0.7691609977324263,-0.33917895
0.7696145124716554,-0.41179204
0.7700680272108843,-0.47681493
0.7705215419501134,-0.5246235
0.7709750566893424,-0.5497491
0.7714285714285715,-0.5488006
0.7718820861678004,-0.5227635
0.7723356009070295,-0.48205963
0.7727891156462585,-0.44102052
0.7732426303854876,-0.4134143
0.7736961451247165,-0.40528572
0.7741496598639456,-0.41689357
0.7746031746031746,-0.43927816
0.7750566893424037,-0.45983222
0.7755102040816326,-0.46737066
0.7759637188208617,-0.45104465
0.7764172335600907,-0.4087466
0.7768707482993197,-0.3423145
0.7773242630385487,-0.26246506
0.7777777777777778,-0.18416068
0.7782312925170068,-0.11820818
0.7786848072562358,-0.07233797
0.7791383219954648,-0.0467943
0.7795918367346939,-0.033743247
0.780045351473923,-0.02479436
0.7804988662131519,-0.012035742
0.780952380952381,0.0076886774
0.78140589569161,0.03502605
0.781859410430839,0.07118171
0.782312925170068,0.11067819
0.7827664399092971,0.14633386
0.7832199546485261,0.17373674
0.7836734693877551,0.19217841
0.7841269841269841,0.20449917
0.7845804988662132,0.21497665
0.7850340136054422,0.22670802
0.7854875283446712,0.24087258
0.7859410430839002,0.25499544
0.7863945578231293,0.26351836
0.7868480725623582,0.26363719
0.7873015873015873,0.25443622
0.7877551020408163,0.2370023
0.7882086167800454,0.2159155
0.7886621315192743,0.1969529
0.7891156462585034,0.1849808
0.7895691609977324,0.18249689
0.7900226757369615,0.19034602
0.7904761904761904,0.2040553
0.7909297052154195,0.21653998
0.7913832199546486,0.2216235
0.7918367346938775,0.21422821
0.7922902494331066,0.19668444
0.7927437641723356,0.17426296
0.7931972789115647,0.14918296
0.7936507936507936,0.126557
0.7941043083900227,0.11129065
0.7945578231292517,0.104006805
0.7950113378684808,0.103484906
0.7954648526077097,0.10586736
0.7959183673469388,0.10725996
0.7963718820861678,0.10465003
0.7968253968253968,0.094839886
0.7972789115646258,0.07919556
0.7977324263038549,0.061947465
0.7981859410430839,0.04375278
0.7986394557823129,0.02772284
0.7990929705215419,0.016210448
0.799546485260771,0.0064034155
0.8,-0.002968447
0.800453514739229,-0.014079688
0.800907029478458,-0.027373297
0.8013605442176871,-0.040564284
0.8018140589569162,-0.04998054
0.8022675736961451,-0.052590568
0.8027210884353742,-0.0458957
0.8031746031746032,-0.031418882
0.8036281179138322,-0.015081413
0.8040816326530612,-0.0028558422
0.8045351473922903,-0.0016454454
0.8049886621315193,-0.015017331
0.8054421768707483,-0.04324719
0.8058956916099773,-0.078745306
0.8063492063492064,-0.1113311
0.8068027210884354,-0.13051961
0.8072562358276644,-0.1299187
0.8077097505668934,-0.11104228
0.8081632653061225,-0.078143336
0.8086167800453514,-0.041325763
0.8090702947845805,-0.0131912865
0.8095238095238095,-0.0021876537
0.8099773242630386,-0.011115751
0.8104308390022675,-0.034617048
0.8108843537414966,-0.062780395
0.8113378684807256,-0.08780029
0.8117913832199547,-0.10101026
0.8122448979591836,-0.098380424
0.8126984126984127,-0.0846481
0.8131519274376418,-0.06529515
0.8136054421768707,-0.04638328
0.8140589569160998,-0.032256946
0.8145124716553288,-0.02321785
0.8149659863945579,-0.017618654
0.8154195011337868,-0.013505851
0.8158730158730159,-0.011809504
0.8163265306122449,-0.011642764
0.816780045351474,-0.01465348
0.8172335600907029,-0.023213387
0.817687074829932,-0.03614107
0.818140589569161,-0.05123105
0.81859410430839,-0.06385958
0.819047619047619,-0.06736093
0.8195011337868481,-0.059197962
0.8199546485260771,-0.039995722
0.8204081632653061,-0.01238894
0.8208616780045351,0.014352205
0.8213151927437642,0.030745307
0.8217687074829932,0.03089728
0.8222222222222222,0.014549413
0.8226757369614512,-0.014107658
0.8231292517006803,-0.04701758
0.8235827664399092,-0.07265093
0.8240362811791383,-0.08176612
0.8244897959183674,-0.07304945
0.8249433106575964,-0.04876517
0.8253968253968254,-0.014463631
0.8258503401360544,0.01854495
0.8263038548752835,0.041517485
0.8267573696145125,0.049525075
0.8272108843537415,0.042331576
0.8276643990929705,0.024127198
0.8281179138321996,0.0021570746
0.8285714285714286,-0.015917983
0.8290249433106576,-0.026075969
0.8294784580498866,-0.027396776
0.8299319727891157,-0.019101284
0.8303854875283446,-0.0021556662
0.8308390022675737,0.019660108
0.8312925170068027,0.04278875
0.8317460317460318,0.06151655
0.8321995464852607,0.07150009
0.8326530612244898,0.07063488
0.8331065759637188,0.05773574
0.8335600907029479,0.034811568
0.8340136054421768,0.007955217
0.8344671201814059,-0.015408598
0.834920634920635,-0.03147151
0.8353741496598639,-0.035539404
0.835827664399093,-0.024657033
0.836281179138322,-0.0035478557
0.8367346938775511,0.022029217
0.83718820861678,0.04736479
0.8376417233560091,0.06501154
0.8380952380952381,0.06961632
0.8385487528344672,0.061029747
0.8390022675736961,0.042589772
0.8394557823129252,0.020669248
0.8399092970521542,0.0029206441
0.8403628117913832,-0.0042816876
0.8408163265306122,0.00366665
0.8412698412698413,0.025489883
0.8417233560090703,0.05389846
0.8421768707482993,0.080330364
0.8426303854875283,0.095414825
0.8430839002267574,0.094767325
0.8435374149659864,0.07613253
0.8439909297052154,0.045205925
0.8444444444444444,0.013204378
0.8448979591836735,-0.011776997
0.8453514739229024,-0.022408085
0.8458049886621315,-0.016224617
0.8462585034013606,0.004509463
0.8467120181405896,0.033661306
0.8471655328798186,0.061832532
0.8476190476190476,0.080407806
0.8480725623582767,0.08544437
0.8485260770975057,0.075918436
0.8489795918367347,0.056479007
0.8494331065759637,0.03410206
0.8498866213151928,0.014469754
0.8503401360544217,0.00094493007
0.8507936507936508,-0.004056356
0.8512471655328798,0.00015788466
0.8517006802721089,0.010164841
0.8521541950113378,0.021535706
0.8526077097505669,0.031621132
0.8530612244897959,0.036666118
0.853514739229025,0.036052406
0.8539682539682539,0.031365763
0.854421768707483,0.023227146
0.854875283446712,0.015230278
0.8553287981859411,0.007500075
0.85578231292517,-0.0006265478
0.8562358276643991,-0.0077043236
0.8566893424036282,-0.012364725
0.8571428571428571,-0.014296188
0.8575963718820862,-0.011823689
0.8580498866213152,-0.005391743
0.8585034013605443,0.003977879
0.8589569160997732,0.013967399
0.8594104308390023,0.021327691
0.8598639455782313,0.020982506
0.8603174603174604,0.008712877
0.8607709750566893,-0.013614777
0.8612244897959184,-0.040303133
0.8616780045351474,-0.06404519
0.8621315192743764,-0.077932775
0.8625850340136054,-0.07464468
0.8630385487528345,-0.056038655
0.8634920634920635,-0.027986763
0.8639455782312925,0.0023158006
0.8643990929705215,0.023465317
0.8648526077097506,0.02641841
0.8653061224489796,0.011168302
0.8657596371882086,-0.017143143
0.8662131519274376,-0.049161777
0.8666666666666667,-0.07277568
0.8671201814058956,-0.08157337
0.8675736961451247,-0.073693275
0.8680272108843538,-0.052909136
0.8684807256235828,-0.027831763
0.8689342403628117,-0.007151186
0.8693877551020408,0.0022341292
0.8698412698412699,-0.0017375407
0.8702947845804989,-0.015252896
0.8707482993197279,-0.033861052
0.8712018140589569,-0.05019684
0.871655328798186,-0.059086602
0.8721088435374149,-0.058153007
0.872562358276644,-0.04759525
0.873015873015873,-0.031772744
0.8734693877551021,-0.016215673
0.873922902494331,-0.006103833
0.8743764172335601,-0.0035930015
0.8748299319727891,-0.007789101
0.8752834467120182,-0.015186819
0.8757369614512471,-0.02209595
0.8761904761904762,-0.026059395
0.8766439909297052,-0.026173351
0.8770975056689342,-0.021347074
0.8775510204081632,-0.013991532
0.8780045351473923,-0.006533097
0.8784580498866214,8.081795e-05
0.8789115646258503,0.002605824
0.8793650793650793,0.00045404752
0.8798185941043084,-0.004602783
0.8802721088435375,-0.01126704
0.8807256235827664,-0.014216801
0.8811791383219955,-0.012132772
0.8816326530612245,-0.005904906
0.8820861678004536,0.0035537642
0.8825396825396825,0.01251874
0.8829931972789116,0.020023668
0.8834467120181406,0.025502281
0.8839002267573696,0.030201808
0.8843537414965986,0.03470324
0.8848072562358277,0.03911676
0.8852607709750567,0.04493818
0.8857142857142857,0.05153961
0.8861678004535147,0.055939823
0.8866213151927438,0.057950106
0.8870748299319728,0.055792764
0.8875283446712018,0.04769667
0.8879818594104308,0.037228778
0.8884353741496599,0.028282486
0.8888888888888888,0.025670743
0.8893424036281179,0.031529177
0.889795918367347,0.043875173
0.890249433106576,0.05950417
0.890702947845805,0.07201138
0.891156462585034,0.07553817
0.8916099773242631,0.07002637
0.8920634920634921,0.055997733
0.8925170068027211,0.037179604
0.8929705215419501,0.020446116
0.8934240362811792,0.012335504
0.8938775510204081,0.014051929
0.8943310657596372,0.024079211
0.8947845804988662,0.040170904
0.8952380952380953,0.05435923
0.8956916099773242,0.060563758
0.8961451247165533,0.055528928
0.8965986394557823,0.041936338
0.8970521541950114,0.022394236
0.8975056689342403,0.0021024905
0.8979591836734694,-0.011797931
0.8984126984126984,-0.017515577
0.8988662131519274,-0.014139078
0.8993197278911564,-0.0036894663
0.8997732426303855,0.008483703
0.9002267573696145,0.019991623
0.9006802721088435,0.028550347
0.9011337868480725,0.033058453
0.9015873015873016,0.03362579
0.9020408163265307,0.028054697
0.9024943310657596,0.018993925
0.9029478458049887,0.0066699837
0.9034013605442177,-0.007542869
0.9038548752834467,-0.021954706
0.9043083900226757,-0.032869287
0.9047619047619048,-0.037338346
0.9052154195011338,-0.036140025
0.9056689342403628,-0.02859786
0.9061224489795918,-0.01768096
0.9065759637188209,-0.0076651657
0.9070294784580499,-0.0022448094
0.9074829931972789,-0.0035717203
0.9079365079365079,-0.012983675
0.908390022675737,-0.027585005
0.908843537414966,-0.043788716
0.909297052154195,-0.055693462
0.909750566893424,-0.059439186
0.9102040816326531,-0.05774693
0.910657596371882,-0.052356932
0.9111111111111111,-0.044350825
0.9115646258503401,-0.038672667
0.9120181405895692,-0.037110988
0.9124716553287981,-0.03831927
0.9129251700680272,-0.04386405
0.9133786848072563,-0.050953854
0.9138321995464853,-0.05708578
0.9142857142857143,-0.06065703
0.9147392290249433,-0.061021756
0.9151927437641724,-0.059951954
0.9156462585034013,-0.058150038
0.9160997732426304,-0.055686016
0.9165532879818594,-0.05295802
0.9170068027210885,-0.04831048
0.9174603174603174,-0.04258975
0.9179138321995465,-0.03687582
0.9183673469387755,-0.029315135
0.9188208616780046,-0.022653207
0.9192743764172335,-0.018882584
0.9197278911564626,-0.01771923
0.9201814058956916,-0.018898342
0.9206349206349206,-0.022942895
0.9210884353741496,-0.027286425
0.9215419501133787,-0.028672919
0.9219954648526077,-0.026424596
0.9224489795918367,-0.020353898
0.9229024943310657,-0.0100627905
0.9233560090702948,0.002302102
0.9238095238095239,0.012079877
0.9242630385487528,0.018302634
0.9247165532879819,0.019855347
0.9251700680272109,0.01568771
0.9256235827664399,0.0072320937
0.9260770975056689,-0.0034586184
0.926530612244898,-0.013274308
0.926984126984127,-0.017590627
0.927437641723356,-0.015117868
0.927891156462585,-0.0045333155
0.9283446712018141,0.011016463
0.9287981859410431,0.026969079
0.9292517006802721,0.040343106
0.9297052154195011,0.046834785
0.9301587301587302,0.044612024
0.9306122448979591,0.03394612
0.9310657596371882,0.023076054
0.9315192743764172,0.017057184
0.9319727891156463,0.017433219
0.9324263038548752,0.025016742
0.9328798185941043,0.037537035
0.9333333333333333,0.050703708
0.9337868480725624,0.059538674
0.9342403628117913,0.061828516
0.9346938775510204,0.057542663
0.9351473922902495,0.049662873
0.9356009070294785,0.041960254
0.9360544217687075,0.03794772
0.9365079365079365,0.03867302
0.9369614512471656,0.042529996
0.9374149659863945,0.045820195
0.9378684807256236,0.047520507
0.9383219954648526,0.046907786
0.9387755102040817,0.04314975
0.9392290249433106,0.03803345
0.9396825396825397,0.033073146
0.9401360544217687,0.03006987
0.9405895691609978,0.029980203
0.9410430839002267,0.03255261
0.9414965986394558,0.034398757
0.9419501133786848,0.03463971
0.9424036281179138,0.03301855
0.9428571428571428,0.028652672
0.9433106575963719,0.022848016
0.943764172335601,0.017267488
0.9442176870748299,0.014852527
0.944671201814059,0.016290735
0.945124716553288,0.020493459
0.9455782312925171,0.025637079
0.946031746031746,0.029275483
0.9464852607709751,0.029476091
0.9469387755102041,0.026178475
0.9473922902494331,0.019071206
0.9478458049886621,0.00971248
0.9482993197278912,0.002442931
0.9487528344671202,-0.000994104
0.9492063492063492,-0.00084309553
0.9496598639455782,0.0016634316
0.9501133786848073,0.0044429433
0.9505668934240363,0.0050444575
0.9510204081632653,0.002438542
0.9514739229024943,-0.0018422935
0.9519274376417234,-0.0078089163
0.9523809523809523,-0.015547313
0.9528344671201814,-0.021809146
0.9532879818594104,-0.024064029
0.9537414965986395,-0.021976426
0.9541950113378684,-0.017259464
0.9546485260770975,-0.012755161
0.9551020408163265,-0.010869339
0.9555555555555556,-0.013717555
0.9560090702947845,-0.021005915
0.9564625850340136,-0.031805478
0.9569160997732427,-0.04353607
0.9573696145124716,-0.05168514
0.9578231292517007,-0.0541879
0.9582766439909297,-0.050155584
0.9587301587301588,-0.041939616
0.9591836734693877,-0.032418378
0.9596371882086168,-0.023906989
0.9600907029478458,-0.019939238
0.9605442176870749,-0.022779783
0.9609977324263038,-0.031630192
0.9614512471655329,-0.042252984
0.9619047619047619,-0.052636106
0.962358276643991,-0.059755165
0.9628117913832199,-0.060479335
0.963265306122449,-0.055896405
0.963718820861678,-0.046199627
0.964172335600907,-0.033299807
0.964625850340136,-0.023046793
0.9650793650793651,-0.0184097
0.9655328798185941,-0.01776393
0.9659863945578231,-0.020288544
0.9664399092970521,-0.025222046
0.9668934240362812,-0.02936952
0.9673469387755103,-0.03056186
0.9678004535147392,-0.02921669
0.9682539682539683,-0.025652962
0.9687074829931973,-0.018697564
0.9691609977324263,-0.0114190895
0.9696145124716553,-0.006943197
0.9700680272108844,-0.004550315
0.9705215419501134,-0.004992649
0.9709750566893424,-0.0071169697
0.9714285714285714,-0.010857034
0.9718820861678005,-0.0155619215
0.9723356009070295,-0.018839873
0.9727891156462585,-0.021270545
0.9732426303854875,-0.023070484
0.9736961451247166,-0.02340141
0.9741496598639455,-0.021117406
0.9746031746031746,-0.016299723
0.9750566893424036,-0.0092344
0.9755102040816327,-0.0006100645
0.9759637188208616,0.0065787416
0.9764172335600907,0.011881651
0.9768707482993197,0.015536744
0.9773242630385488,0.016197545
0.9777777777777777,0.014564874
0.9782312925170068,0.011579215
0.9786848072562359,0.008323507
0.9791383219954648,0.006483287
0.9795918367346939,0.008207059
0.9800453514739229,0.01251777
0.980498866213152,0.016717475
0.9809523809523809,0.022466939
0.98140589569161,0.02886712
0.981859410430839,0.03386533
0.9823129251700681,0.03736249
0.982766439909297,0.038610402
0.9832199546485261,0.037679408
0.9836734693877551,0.035690546
0.9841269841269841,0.033324726
0.9845804988662131,0.030910281
0.9850340136054422,0.028382676
0.9854875283446712,0.028380794
0.9859410430839002,0.031066801
0.9863945578231292,0.033529684
0.9868480725623583,0.036836933
0.9873015873015873,0.038470592
0.9877551020408163,0.03801757
0.9882086167800453,0.03619385
0.9886621315192744,0.033476017
0.9891156462585035,0.030783495
0.9895691609977324,0.027820623
0.9900226757369615,0.026291993
0.9904761904761905,0.025976975
0.9909297052154195,0.026270019
0.9913832199546485,0.02710756
0.9918367346938776,0.02830198
0.9922902494331066,0.028750915
0.9927437641723356,0.02873184
0.9931972789115646,0.028538246
0.9936507936507937,0.026799928
0.9941043083900227,0.023529312
0.9945578231292517,0.019667983
0.9950113378684807,0.015215539
0.9954648526077098,0.010792495
0.9959183673469387,0.006528937
0.9963718820861678,0.0032430084
0.9968253968253968,0.00093729654
0.9972789115646259,-0.0013365763
0.9977324263038548,-0.0021368968
0.9981859410430839,-0.0017814761
0.998639455782313,-0.001656322
0.999092970521542,-0.0026237762
0.999546485260771,-0.003488118
